Company,Position,Connected On
Alexandria University,Student,26 Jun 2023
Al-Azhar University,I am Student at Al_Azhar University ,18 Jun 2023
,,18 Jun 2023
,,18 Jun 2023
El-Shorbagy Trading & Construction Supplies,Data Analyst,16 Apr 2023
Abdullah Al-Othaim Markets,Financial Reporting Analyst,31 Mar 2023
Freelance,Artificial Intelligence Engineer,31 Mar 2023
Xceed,Customer Service Agent,31 Mar 2023
Arrow Electronics,Compliance Engineer,31 Mar 2023
,,18 Mar 2023
Enactus Azhar university,Project Management Specialist,18 Mar 2023
DevGate Consultancy,Business Intelligence Developer,08 Mar 2023
Valeo,Business Intelligence Developer,08 Mar 2023
,,08 Mar 2023
Al-Azhar University,Student,08 Mar 2023
Nishat Linen,Administrative Assistant,27 Feb 2023
,,27 Feb 2023
Freelancer,Data Analyst,27 Feb 2023
,,27 Feb 2023
Smart Sense Co. LTD,Data Analyst,27 Feb 2023
Information Technology Institute (ITI),Web Developer(front-End),27 Feb 2023
,,27 Feb 2023
,,27 Feb 2023
CodeClause,Data Scientist,27 Feb 2023
University of Medical Science and Technology,Assistant Dean of the Graduate College,27 Feb 2023
Demo care,Data Analyst,27 Feb 2023
Breadfast,Data Analyst,27 Feb 2023
IPSC-international packing and service company,Relationship Manager,27 Feb 2023
Information Technology Institute (ITI),Iti Summer trainee,27 Feb 2023
Fiverr Freelancers ,"Data Entry,Lead Generation",27 Feb 2023
The Sparks Foundation,Data Science & Business Analytics,27 Feb 2023
Coursera,Data Analyst,27 Feb 2023
Fidelity United,Associate Underwriter,27 Feb 2023
,,27 Feb 2023
,,27 Feb 2023
,,27 Feb 2023
Freelancer.com,Data Analyst,27 Feb 2023
,,27 Feb 2023
NajahNow,Computer Vision and NLP Engineer,27 Feb 2023
Lord International,Accountant and data analyst,27 Feb 2023
,,27 Feb 2023
,,27 Feb 2023
,,27 Feb 2023
Microsoft,Microsoft Certified azure AI fundamentals,27 Feb 2023
,,27 Feb 2023
,,27 Feb 2023
,,27 Feb 2023
Pluralsight,ITI Data Analytics & Visualization Specialist,27 Feb 2023
ACM MU,Instructor,09 Feb 2023
,,13 Jan 2023
The SaaS Shop,Data Analyst,12 Jan 2023
Convertedin,Junior Business Intelligence Developer ,10 Jan 2023
,,10 Jan 2023
هايبر الماسه,مدير هايبر الماسه,10 Jan 2023
,,07 Jan 2023
Elziny Co.,Sales Employee,07 Jan 2023
Capiter,Head of Data Science ,07 Jan 2023
Excel Systems,Technical Support Engineer,07 Jan 2023
Upwork,Data Analyst,07 Jan 2023
Hamwi L.T.D.,Data Analyst,07 Jan 2023
10Alytics,Data Analyst,07 Jan 2023
Tatbeek,Business Intelligence Analyst,07 Jan 2023
Orange Business Services,Big Data Engineer,07 Jan 2023
,,07 Jan 2023
عمل مستقل,Data Analyst,07 Jan 2023
,,07 Jan 2023
Wolfio,Project Manager,07 Jan 2023
Air Cairo,Traffic Officer,07 Jan 2023
iNeuron.ai,Data Scientist | Data Analyst,07 Jan 2023
SDG Group Middle East,Finance & Data Analytics,07 Jan 2023
SHAI For AI | شاي للذكاء الاصطناعي,Data Scientist Trainee,07 Jan 2023
,,07 Jan 2023
,,21 Dec 2022
Modern University for Technology & Information (MTI),Bioinformatician at  Innovative Research Grant MTI 2022,21 Dec 2022
Orange Innovation Egypt,Data Scientist,21 Dec 2022
,,21 Dec 2022
Remotasks,Content Reviewer,21 Dec 2022
,,21 Dec 2022
Synapse Analytics,Data Scientist,21 Dec 2022
Huawei,Data Analytics & Automation Engineer ,21 Dec 2022
Confidential,Human Resources Analyst,21 Dec 2022
Freelance,Data Analyst,21 Dec 2022
Raya CX,MIS Analyst,21 Dec 2022
,,21 Dec 2022
LivingPath,Head of Operations,21 Dec 2022
,,21 Dec 2022
Freelance,Python Developer,21 Dec 2022
,,21 Dec 2022
,,21 Dec 2022
,,21 Dec 2022
"Al Deyaa Group, Etisalat Business Partner",Data Analyst,21 Dec 2022
Komari Beverage,Sales Data Analyst ,21 Dec 2022
,,21 Dec 2022
Jump Animation,Data Analyst,21 Dec 2022
Digital Hub,Data Analyst,21 Dec 2022
Jai Shree Trading Company Pvt. Ltd.,Senior Data Analyst,21 Dec 2022
The Address Investments,Senior IT Specialist,21 Dec 2022
PaySky,Operational Specialist,21 Dec 2022
,,21 Dec 2022
Freelance,Data Analyst,21 Dec 2022
Codora,Full Stack BlockChain Developer ,21 Dec 2022
Micro Engineering Tech Inc,Data labeler ,21 Dec 2022
شغل أون لاين,مترجم حر,21 Dec 2022
Elrazy Pharmaceuticals Co.,Quality Assurance Specialist,21 Dec 2022
United integrated solution,Database Management Specialist,21 Dec 2022
Freelance,Data Analyst,21 Dec 2022
Dsquares,Software Engineer,21 Dec 2022
MeDecibel,Machine Learning Engineer,21 Dec 2022
Freelancer.com,Data Analyst,21 Dec 2022
,,21 Dec 2022
,,21 Dec 2022
Direct Arabia,Marketing Manager,21 Dec 2022
Huawei,Social Media Manager,21 Dec 2022
El Shorouk Academy,Teaching Assistant,21 Dec 2022
Stella Di Mare Hotels Ain Sokhna,Information Technology Specialist,21 Dec 2022
sharm nice day,Accountant,21 Dec 2022
Grand IT Solutions ,Technical Consultant,21 Dec 2022
,,21 Dec 2022
Nestlé,Youth influencer,21 Dec 2022
alShorouk,Document Controller,21 Dec 2022
Azhar Dream,Vice Head of Statistics Committee ,21 Dec 2022
Information Technology Institute (ITI),ITI Trainee,21 Dec 2022
SDK Training Center,Ai Trainer ,21 Dec 2022
alx_africa ,Scholarship,21 Dec 2022
,,17 Nov 2022
,,17 Nov 2022
Business Fluence,Social Media Specialist,17 Nov 2022
Techno Space,Flutter developer ,17 Nov 2022
Femex For Import,Senior Sales Executive,17 Nov 2022
Creativity Point,Artificial Intelligence Specialist,16 Nov 2022
Al Nasiriyah  lilmuqawalat,construction workers supervisor,15 Nov 2022
,,15 Nov 2022
Egypt Gold,Senior Production Engineer,15 Nov 2022
Raqameyyah Digital Consultancy,Data Analyst Intern,14 Nov 2022
,,14 Nov 2022
Udacity,Data Analyst,13 Nov 2022
Epsilon AI,Machine Learning Intern at Epsilon AI ,13 Nov 2022
Efforts Solutions IT,Business Analyst,12 Nov 2022
,,12 Nov 2022
,,12 Nov 2022
,,10 Nov 2022
MINDEV,Digital Marketing Specialist,10 Nov 2022
Mercy Corps,Mentor,09 Nov 2022
,,09 Nov 2022
Global Financial Media | Mubasher,Data Analyst,09 Nov 2022
,,09 Nov 2022
Protection for contracting & design,Engineering Trainee,09 Nov 2022
Zein El_Abdeen ,Database Administrator,09 Nov 2022
Freelance,Data Analyst,09 Nov 2022
Udacity,Data Analyst Nanodegree Graduate,09 Nov 2022
Raya CX,Reporting Analyst,06 Nov 2022
National Data Management,Software Engineer,06 Nov 2022
,,06 Nov 2022
,,06 Nov 2022
ECPC Egyptian Collegiate Programming Contest,Competitive ,05 Nov 2022
University of Louisville,Graduate Research Assistant,05 Nov 2022
Misr Chemical Industries Co. (M.C.I),operation engineer,05 Nov 2022
,,05 Nov 2022
,,05 Nov 2022
ARESCO for Manufacturing and Industrial Projects,Quality Control Engineer,05 Nov 2022
Information Technology Institute (ITI),Business Intelligence Analyst,05 Nov 2022
,Data Analyst,05 Nov 2022
REAL11 FANTASY SPORTS,HR,05 Nov 2022
عمل خاص,Data Analyst,05 Nov 2022
Amazon,Associate,05 Nov 2022
,,05 Nov 2022
GoodsMart,Junior Data and Growth Analyst,05 Nov 2022
,,05 Nov 2022
Minsitry of justice (outsource),Application Support Engineer,05 Nov 2022
,,05 Nov 2022
عمل مستقل,Full Stack Engineer,29 Oct 2022
DataEQ,Data Analyst,29 Oct 2022
,,27 Oct 2022
Sumitomo Electric,Information Technology Engineer,27 Oct 2022
Talent Stacker | Salesforce Career Development Program,Salesforce Certified Administrator,27 Oct 2022
Z2Data,"Senior Electronic ""Supply Chain Data  Interchange Analyst  ",27 Oct 2022
Valeo,Quality Assurance Engineer,27 Oct 2022
,,25 Oct 2022
Valeo,Implementation of ADAS  on an Electrical vehicle Graduation Project Mentorship,25 Oct 2022
Sama Medical Group,Data Analyst,25 Oct 2022
Upwork,Data Analyst,25 Oct 2022
ZKTeco,Software Engineer,24 Oct 2022
,,24 Oct 2022
Microsoft Learn Student Club - EELU,Data Analyst,24 Oct 2022
Freelance,Wordpress Developer,24 Oct 2022
Industrial Investments Company (Lakah Group),General Accountant /Data Analysis,24 Oct 2022
ALAMONTA Constructions,Civil Engineer,24 Oct 2022
,,24 Oct 2022
Freelance,Software Engineer,24 Oct 2022
,,24 Oct 2022
Fugro,Data Engineer,24 Oct 2022
Chest Hospital,Drug Dispensing & Drug Information Pharmacist,24 Oct 2022
Assiut University,Student,19 Oct 2022
nile drip,مراقب عام إنتاج,19 Oct 2022
HQ,IT help desk,19 Oct 2022
National Bank of Egypt (NBE),IT Governance,19 Oct 2022
Trendway,Marketing Analyst,19 Oct 2022
Huawei,Information Technology Technical Support,16 Oct 2022
Information Technology Institute (ITI),Business Intelligence Analyst & Devloper,16 Oct 2022
,,16 Oct 2022
PROTEAM Detailing,Operations Manager,15 Oct 2022
,,15 Oct 2022
,,15 Oct 2022
ECG Consulting Group Inc.,low current,15 Oct 2022
,,15 Oct 2022
,,15 Oct 2022
Picassos,Co-Founder,15 Oct 2022
Freelance,Data Entry Specialist,15 Oct 2022
Christian Louboutin,Director of E-Commerce,15 Oct 2022
Royal For Building Materials Industries ,Production  Data Analyst ,15 Oct 2022
Valeo,Implementation of ADAS on Electric Vehicle Graduation Project Mentorship,15 Oct 2022
Akhnaton Trading and Distribution- EVA Group Limited,Careery program 2022,15 Oct 2022
,,15 Oct 2022
Mühlbauer Parts & Systems,Production Assistant,11 Oct 2022
Almabrook company ,Business Intelligence Analyst,10 Oct 2022
,,09 Oct 2022
blnk,Machine Learning Engineer,09 Oct 2022
,,09 Oct 2022
,,09 Oct 2022
ALEXBANK,Data Analyst,07 Oct 2022
BMW Group,Student Intern,06 Oct 2022
,,05 Oct 2022
,,05 Oct 2022
Master Business Academy JCI,English Language Instructor,04 Oct 2022
Cairo University Eco Racing Team,Frontend Developer,04 Oct 2022
Freelance (Self employed),Data Scientist,04 Oct 2022
The Sparks Foundation, Data Science & Business Analytics,04 Oct 2022
Mansoura University,Student,03 Oct 2022
Freelance,Data Scientist,03 Oct 2022
,,03 Oct 2022
MOOCs,Data Science Student,02 Oct 2022
Information Technology Institute (ITI), Power BI Developer Trainee,01 Oct 2022
,,01 Oct 2022
,,30 Sep 2022
Misr University for Science and Technology,Mechatronics Student,30 Sep 2022
WorldQuant University,Data science ,30 Sep 2022
Bit68,Back End Developer,30 Sep 2022
,,28 Sep 2022
Egyptian Projects Operation and Maintenance (EPROM),Trainee,28 Sep 2022
Lebanese University,Undergraduate Researcher,28 Sep 2022
CodeClause,Data Science Intern,28 Sep 2022
Modern Sciences and Arts University,Research And Teaching Assistant,27 Sep 2022
The Egyptian Credit Bureau S.A.E (I-SCORE),Project Manger / Senior Data Quality & Data Management,27 Sep 2022
,,27 Sep 2022
WellnessLiving,Technical Support Solutions,26 Sep 2022
Upper Egypt For Food Industries (UEFFI),Data Analyst,26 Sep 2022
Azzrk - أزرق,UX Designer,26 Sep 2022
Faculty of Navigation Science and Space Technology ,Student,26 Sep 2022
,,22 Sep 2022
,,22 Sep 2022
,,22 Sep 2022
SAS,deep learning,22 Sep 2022
,,22 Sep 2022
Incall,Telemarketer,22 Sep 2022
Wireless Dynamics,Software Tester ,22 Sep 2022
_VOIS,_VOIS Discover Graduate,22 Sep 2022
,,22 Sep 2022
Freelance,Software Engineer,22 Sep 2022
The Sparks Foundation,Data science and business analytics intern,19 Sep 2022
The MarQ Communities,Senior Sales Consultant,19 Sep 2022
IDA Ireland,مدير عام الهيئة العامة للتنميه الصناعيه فرع قنا,17 Sep 2022
,,17 Sep 2022
,,17 Sep 2022
WorldQuant University,Data Science Intern,17 Sep 2022
,,17 Sep 2022
Self-employed,Web Developer,17 Sep 2022
Luxor university,faculty of computer and information science,17 Sep 2022
Cairo University,Student,14 Sep 2022
,,14 Sep 2022
Looking for Job,Data Analyst,13 Sep 2022
Egyptian Co. For Electrical Equipment (ECEE),Presales Engineer,13 Sep 2022
CodeClause,Data Scientist,13 Sep 2022
Advansys,Software Engineer,13 Sep 2022
,,13 Sep 2022
Information Technology Institute (ITI),Embedded System Engineer,13 Sep 2022
Fiverr Gig Promotion USA,professional graphic designer,13 Sep 2022
WOTN,computer programming ,13 Sep 2022
Upwork,Machine Learning Engineer,11 Sep 2022
Phoenix Consulting Egy,Junior data scientist,10 Sep 2022
National Telecommunication Institute (NTI),Artificial Intelligence and Internet of Things,10 Sep 2022
egabi Solutions,Artificial Intelligence Engineer,10 Sep 2022
iSchool,Programming Instructor,09 Sep 2022
alx_africa ,Software Engineer,09 Sep 2022
Rashideen Egypt For Trade Company (L.L.C),Data Analyst,09 Sep 2022
Heaven Agency for Business Solutions,Media Analyst,09 Sep 2022
Rotaract,Vice President of Business Development,09 Sep 2022
GatsbAI,Frontend Developer,09 Sep 2022
naqla,Product Analyst,09 Sep 2022
alx_africa ,Software Engineer,09 Sep 2022
Valeo,Graduation Project Mentorship Program ,09 Sep 2022
Student,Cairo ,05 Sep 2022
Freelancer.com,Web Developer,05 Sep 2022
City of Scientific Research and Technological Applications SRTA-City,Research Assistant,05 Sep 2022
Best One logistics,Data Analyst,05 Sep 2022
,,04 Sep 2022
WorldQuant University,Applied Data Science Lab,04 Sep 2022
IEEE Kafrelshiekh Student  Branch,Machine learning team member ,04 Sep 2022
,,03 Sep 2022
WorldQuant University,Applied Data Science ,03 Sep 2022
LigaData,Data Engineer,02 Sep 2022
,,02 Sep 2022
Fawry,Data Analyst,02 Sep 2022
عمل مستقل,Data Science Specialist,02 Sep 2022
Freelance (Self employed),Data Analyst,02 Sep 2022
IEEE Fayoum Student Branch,Data Science Vice President ,31 Aug 2022
,,31 Aug 2022
EnVision Technologies,Search Engine Optimization Specialist,31 Aug 2022
,,31 Aug 2022
Medical Company,Telesales Specialist,31 Aug 2022
Violets Are Blue,Virtual assistant ,29 Aug 2022
Elmaaly Group For Recruitment And Human Resources مجموعة المعالى للتوظيف,Recruitment Specialist,29 Aug 2022
,,28 Aug 2022
El-Sadiq Track,Sales Associate,28 Aug 2022
PIAIC,Artificial Intelligence Developer,28 Aug 2022
Leopold-Franzens Universität Innsbruck,IT Technical Project Manager ,28 Aug 2022
IEEE,Member of Machine learning,27 Aug 2022
National Bank of Egypt (NBE),Siebel Developer,27 Aug 2022
Al-Masrya Computer,Network Administrator,27 Aug 2022
,,27 Aug 2022
TachyHealth,Machine Learning Engineer,27 Aug 2022
,,25 Aug 2022
,,25 Aug 2022
Egyptian Ministry of Health and Population,General Dentist,25 Aug 2022
SHAI For AI | شاي للذكاء الاصطناعي,Data Science Intern,25 Aug 2022
Arab Steel Fabrication Co. (ASF) | (El Sewedy Industries).,Senior Planning specialist,25 Aug 2022
Accura Group,Back End Developer,24 Aug 2022
Elshorbagy general construction company ,Site Civil Engineer,24 Aug 2022
geidea,Financial Operation Specialist ,23 Aug 2022
,,22 Aug 2022
Road Mentors,Founder & CEO,22 Aug 2022
,,21 Aug 2022
Ministry of Health & Population - Egypt,Pharmacist,21 Aug 2022
Information Technology Institute (ITI),Open source (python) Intern,20 Aug 2022
Ndobezi Taxi,Ceo,19 Aug 2022
,,19 Aug 2022
IT Gate Corp,Junior Ai Researcher,19 Aug 2022
Kashmir Youth  Web,Data science ,19 Aug 2022
,,18 Aug 2022
Raya CX,RTM Analyst | Real Time Management,18 Aug 2022
,,17 Aug 2022
,,17 Aug 2022
MaharaTech - ITIMooca, Full Stack Web Development Using MERN,17 Aug 2022
Ahli Fintech,Data Analyst,16 Aug 2022
Other,Web Developer,16 Aug 2022
egFWD,Intern,15 Aug 2022
TAR,Data Analyst,15 Aug 2022
Sony,Analyst(Planning & Control),14 Aug 2022
Dusit Thani LakeView Cairo,Human Resources Specialist,14 Aug 2022
,,14 Aug 2022
UnionCoop,Software Developer,12 Aug 2022
ESOLS Technologies,Search Engine Optimization Specialist,12 Aug 2022
Freelance,UI/UX Designer,11 Aug 2022
Flink,Operations Associate,11 Aug 2022
UCCD University Centers for Career Development,Customer Service Intern,11 Aug 2022
Scalar Solutions,Digital Marketing Strategist,10 Aug 2022
SHAI For AI | شاي للذكاء الاصطناعي,Data Scientist Intern,10 Aug 2022
CodeClause,Data Science Intern,10 Aug 2022
Orange Digital Center Egypt,Data Science Diploma ,09 Aug 2022
alx_africa,Software Engineer Intern,09 Aug 2022
Raya CX,Reporting Analysts ,09 Aug 2022
Udacity,Data Analyst,09 Aug 2022
Brain Hack-KSU,Cyber Security Instructor - Volunteer,09 Aug 2022
,,09 Aug 2022
Atos,Infrastructure Engineer,09 Aug 2022
International Turnkey Systems - ITS,Dot Net Software Developer,09 Aug 2022
,,09 Aug 2022
Cilantro,Data Analyst,09 Aug 2022
Health Insights Group,Data Analytics ,04 Aug 2022
Freelance,Data Science Specialist,04 Aug 2022
Telecom Egypt,Technical Support Specialist,04 Aug 2022
PwC Middle East Enterprise Solutions,Business Intelligence Engineer Associate,03 Aug 2022
Freelance,Data Analyst,03 Aug 2022
Giza Systems,BI Developer,03 Aug 2022
Mansoura University,تطوير ذاتى ,03 Aug 2022
,,02 Aug 2022
El Shorouk Academy,Student,01 Aug 2022
Information Technology Institute (ITI),Business Intelligence Intern - ITI Winter Training,01 Aug 2022
Azercosmos,SPOT6/Azersky Satellite Program Manager & Leading Business Development Manager,01 Aug 2022
,,01 Aug 2022
Upwork,Data Scientist,01 Aug 2022
,,01 Aug 2022
The Room,Fellowship,01 Aug 2022
BSL Rent a car,Data intern,01 Aug 2022
SUTRA,Chief Marketing Officer,01 Aug 2022
Upwork,Data Analyst,01 Aug 2022
,,01 Aug 2022
,,01 Aug 2022
NilePreneurs,AI & Data Science Intern,29 Jul 2022
Boutiqaat,Data Analyst,28 Jul 2022
" Faculty of Computers and Artificial Intelligence, South Valley University,Egypt",Assistant Professor,28 Jul 2022
,,27 Jul 2022
Samsung Innovation Campus Brasil,Artificial Intelligence Internship Trainee,27 Jul 2022
Faisal Islamic Bank (FIB),Trainee,27 Jul 2022
WedPix Consulting,Founder,26 Jul 2022
عمل مستقل,Data Analyst,26 Jul 2022
Freelancer.com,Data Analyst,25 Jul 2022
,,25 Jul 2022
Udacity,freelancer as an experience position,25 Jul 2022
,,25 Jul 2022
Intercom Enterprises, Technical Engineer-IT Systems,24 Jul 2022
Maison Molak,Accounting and Logistics Operations Senior Specialist,24 Jul 2022
,,24 Jul 2022
Security Meter Academy , Security Meter Academy Security Meter,24 Jul 2022
National Bank of Kuwait,Senior Auditor,24 Jul 2022
Orascom Construction PLC,Technical Office Engineer,23 Jul 2022
Heliopolis University,Internship Trainee,23 Jul 2022
Pixel Design,Marketing Data Analyst,23 Jul 2022
Jolie Ville Golf & Resort,Receptionist,22 Jul 2022
,,22 Jul 2022
,,22 Jul 2022
Sameh pharmacy,pharmacist - shift manager,21 Jul 2022
Jana Dan International School,Science Teacher,21 Jul 2022
Faculty of Computers and Information - Cairo University,طالب,21 Jul 2022
,,19 Jul 2022
Andalusia Group for Medical Services,Planning Specialist,19 Jul 2022
Khazyn - خزين,Data Entry ,19 Jul 2022
Azizi Developments,Sales Admin ,18 Jul 2022
Benha University,Undergraduate Student,18 Jul 2022
Arab Bank,IT Specialist,17 Jul 2022
Deliveroo,Senior Customer Care Executive,17 Jul 2022
,,17 Jul 2022
IEEE Mansoura Student Branch,Data Science IEEE VICTROIS 1.0. (Competition),17 Jul 2022
mylerz Co,Senior Executive Information Technology,16 Jul 2022
Al Ahli Bank of Kuwait - Egypt,Customer Service Intern,15 Jul 2022
,,15 Jul 2022
TIEC,Ambassador,15 Jul 2022
,,14 Jul 2022
Sprints,Trainee,14 Jul 2022
MCV - Manufacturing Commercial Vehicles,Software Developer,13 Jul 2022
Technocolabs Softwares,Machine Learning Intern,13 Jul 2022
Aspire Training Solutions,Career Coach internship ,13 Jul 2022
National Center for addiction treatment ,IT Specialist,12 Jul 2022
iTech Solutions Pakistan,Software Engineer,12 Jul 2022
"High Institute Of Computer Science -6th October City, Egypt",Machine Learning Engineer,12 Jul 2022
,,11 Jul 2022
Amazon,Analyst,11 Jul 2022
,,11 Jul 2022
Kazyon Plus,Business Intelligence Analyst,10 Jul 2022
Unilever,Senior Data Engineer,10 Jul 2022
EnGaz for Translation and Research services,Associate Researcher,10 Jul 2022
Scalar Solutions,Recruiter,09 Jul 2022
CLS Learning Solutions,Data Science Intern,09 Jul 2022
Apple,Analyst,09 Jul 2022
Insights-Solutions,Junior Data Analyst,09 Jul 2022
IBM,Computer Vision Engineer Intern,07 Jul 2022
Green Heights Language School,Computer Science Teacher,07 Jul 2022
National Telecommunication Institute (NTI),Internship Trainee,06 Jul 2022
Orange Corners Jordan,Entrepreunurship and Innovation ambassador ,05 Jul 2022
Global Financial Media | Mubasher,Fundamental Data Analyst,05 Jul 2022
Google,Data Analyst,05 Jul 2022
VODAFONE UK LIMITED,International account advisor,04 Jul 2022
Murex,Software Engineer,04 Jul 2022
Young Scholars Initiative,Young Scholar,03 Jul 2022
MDP,Data Scientist,03 Jul 2022
Microsoft,Data & Applied Scientist II,03 Jul 2022
,,02 Jul 2022
,,02 Jul 2022
National Technology,Oracle Developer,01 Jul 2022
Freelancer.com,Data Analyst,30 Jun 2022
Uber,Uber,30 Jun 2022
Technocolabs Softwares,Data Analyst,30 Jun 2022
SYNC INTERN'S,Intern,30 Jun 2022
MTI University,Computer and artificial intelligence student,29 Jun 2022
Ministry of Finance | Egypt,محاسب تحت التمرين,29 Jun 2022
,,29 Jun 2022
The British University in Egypt,Talent Acquisition Specialist,29 Jun 2022
CodeClause,Data Science Intern,29 Jun 2022
Capital Tech Solutions,Lead Technical Recruiter - Business Developer,27 Jun 2022
TensorGraph.io,Data Analyst,27 Jun 2022
 free lancer data analytics,free lancer data analytics,27 Jun 2022
ZAnalytics for Data Services,Data Analyst,27 Jun 2022
The Sparks Foundation,Data Science & Business Analytics,26 Jun 2022
Nahda University- NUB,‎Teaching assistant‎‏ لدى ‏Nahda University جامعة النهضة‏,26 Jun 2022
Singleclic Ltd,Junior Software Developer,26 Jun 2022
,,25 Jun 2022
Trend Hub,Senior Researcher,24 Jun 2022
Non Sense Vision ,Founder,24 Jun 2022
Brightest,Partner & Certification Manager,24 Jun 2022
Fiverr,Freelance Data Analyst,23 Jun 2022
,,22 Jun 2022
IEEE MUST SB,Member of web development committee,22 Jun 2022
NEXEL PARTNERS,Product Owner (Data & Analytics),22 Jun 2022
Beyond Insurance Brokerage S.A.E,Medical Utilization Data Analyst,22 Jun 2022
,,21 Jun 2022
Faculty Of Commerce English Section Cairo University,Graduate Student,20 Jun 2022
Epsilon AI,Data Scientist,20 Jun 2022
,,20 Jun 2022
qTech. (alqemam),Software Business Analyst,20 Jun 2022
Infinity Business Solutions,Recruitment Specialist,20 Jun 2022
Korea National University of Transportation,Teaching Assistant,20 Jun 2022
Upwork,Data Science,20 Jun 2022
Upwork,Freelance Artificial Intelligence Engineer,20 Jun 2022
National Telecommunication Institute (NTI),Artificial Intelligence Trainee ,20 Jun 2022
الجهاز المركزي للتعبئة العامة و الاحصاء ,Statistical Training ,20 Jun 2022
Orbits IT,Computer Vision Engineer,19 Jun 2022
Classgap,Software Programming Instructor,15 Jun 2022
xloop Digital Services (Pvt) Ltd,Software Engineer,15 Jun 2022
Amazon,Account Manager,15 Jun 2022
,,15 Jun 2022
Z-Axiss,Senior Software Engineer,14 Jun 2022
Banque du Caire,Bank Teller,14 Jun 2022
عمل مستقل,Freelance,14 Jun 2022
Awamer AlShabaka Digital Solutions ,Junior Digital & Social Media Analyst,14 Jun 2022
SOFTOO,Junior Software Engineer,14 Jun 2022
,,14 Jun 2022
SB Technology,System Administrator,13 Jun 2022
A.....,English transletor,13 Jun 2022
National Technology,.NET Developer,12 Jun 2022
,,12 Jun 2022
Freelancer.com,Data Analyst,12 Jun 2022
Ev Everest Advertising ,Digital Marketing Analyst ,12 Jun 2022
Misraj Technology,Data Analyst | Backend Developer,11 Jun 2022
Raneen,Data Analyst,11 Jun 2022
عمل مستقل, Freelance machine learning engineer,10 Jun 2022
,,09 Jun 2022
,,09 Jun 2022
AluNile,Data Analyst,08 Jun 2022
Omdena,Junior ML Engineer,08 Jun 2022
Self employed,Learning Data Analytics,08 Jun 2022
Digital Hub,Data Analyst,08 Jun 2022
Upwork,Freelance,08 Jun 2022
Ernyka Group,Data Analysis Team Lead,08 Jun 2022
,,06 Jun 2022
Mostaql.com | مستقل,Wordpress Developer,06 Jun 2022
,,06 Jun 2022
CIB Egypt, Contact Center Operation Agent,06 Jun 2022
Google Developer Student Club - GDSC Menofia University,Co Lead,06 Jun 2022
,,06 Jun 2022
Coursera,Machine Learning Researcher,06 Jun 2022
TEDx AssuitUniversity,Graphic Designer ,06 Jun 2022
,,05 Jun 2022
,,05 Jun 2022
,,05 Jun 2022
Huawei,Back Office Engineer,04 Jun 2022
,,03 Jun 2022
Ibnsina Pharma,Infor system administrator,02 Jun 2022
National University of Computer and Emerging Sciences,Researcher Phd Candidate,02 Jun 2022
كالبنيان المرصوص,Software Engineer Intern,02 Jun 2022
IEEE E-JUST Student Branch,Bioinformatician Member ,02 Jun 2022
Information Technology Institute (ITI),MEARN stack developement ,01 Jun 2022
CDOXS,Senior Software Engineer,01 Jun 2022
,,01 Jun 2022
Spider-Te8,Back End Developer,01 Jun 2022
,,31 May 2022
Badralgorithmics Business Services,Data Science Specialist,31 May 2022
,,31 May 2022
,,31 May 2022
New Cairo Academy,Teacher Assistant,30 May 2022
The Egyptian Center for Economic Studies (ECES),Data Analyst Intern,30 May 2022
Abudawood Group,Data Analyst,30 May 2022
MTBC,DevOps Site Reliability Engineer ,30 May 2022
Freelance,Data Science and Business analytics ,30 May 2022
AMAN Holding,Data Analyst,30 May 2022
WALEE,Mean Stack Developer,30 May 2022
Banque Misr,Lead Data Scientist,30 May 2022
Amoun Pharmaceutical Industries Company,Medical Representative,30 May 2022
Cesvi Fondazione Onlus,Data Analyst,30 May 2022
Global Data Scientists (GDS),Machine Learning Engineer,30 May 2022
Upwork,Machine Learning Engineer,30 May 2022
Cache Up,Web Developer,29 May 2022
,,29 May 2022
ELKA Lebanon,Supervisor,29 May 2022
,,28 May 2022
Freelance,Data Analyst,28 May 2022
Huawei,Software Automation Engineer,28 May 2022
Mozare3,Data Analyst,28 May 2022
Azerbaijan Airlines,"Economist of cost estimation, tariffs and profitability division",28 May 2022
Information Technology Institute (ITI),Computer vision intern,28 May 2022
Benha Electronics Co.,Trainee,28 May 2022
Artificial Intelligence Technology Center,Assistant Manager AI,28 May 2022
,,27 May 2022
Creativelogicx,Ruby on Rails Developer,27 May 2022
PETROJET,Electrical Engineer,27 May 2022
Information Technology Institute (ITI),AI and Machine learning Trainee at ITI,27 May 2022
The Sparks Foundation,Data Science Intern,26 May 2022
Kaggle,Kaggle Notebook Expert,26 May 2022
CIT VERICASH,Application Technical Support,26 May 2022
Badgewell,Data Engineer,25 May 2022
ONLINE WORK FROM HOME , Data Analyst Instructor,25 May 2022
,,25 May 2022
Freelancer,Data Analyst,25 May 2022
Sinai University,Demonstrator,25 May 2022
Cloud Care ( CloCare),Medical Data Analyst,24 May 2022
October 6 University,Graduated,24 May 2022
Volunteers in Action - AUC,Human Resources Team Member,24 May 2022
,,24 May 2022
SecondProfit,Data Engineer,24 May 2022
,,24 May 2022
,,24 May 2022
Upwork,Freelance,24 May 2022
Intelligent Systems ISYS,Data Scientist,24 May 2022
Connected Vision Group,Intern Market Research & Data Storytelling Analyst,24 May 2022
Universal Health Insurance Authority - UHIA,Data Analyst,23 May 2022
IT,IT help desk,23 May 2022
STP,Python instructor ,23 May 2022
ICPC MINYA UNIVERSITY COMMUNITY,Mentor,23 May 2022
Delta University for Science and Technology,Demonstrator,23 May 2022
Udacity,Data Analyst,23 May 2022
BBI,Data Engineer,23 May 2022
Bypa-ss,Business Performance Analyst,23 May 2022
IBM,Data Specialist,23 May 2022
,,23 May 2022
Nahdi Medical Co.,Senior Pharmacist,23 May 2022
The Sparks Foundation,Intern,23 May 2022
Talents Arena,Machine Learning Engineer,23 May 2022
Upwork,Data Scientist,23 May 2022
Intro Sustainable Resources,Data Scientist,23 May 2022
Limitless Labs Egypt,Junior Data Scientis,23 May 2022
Information Technology Institute (ITI),Business Intelligence Developer,23 May 2022
Teleperformance,Data Analyst,23 May 2022
thaaka-ai,Data Scientist,23 May 2022
Andalusia Group for Medical Services,Ai & Bi intern ,23 May 2022
Upwork,Virtual Assistant,23 May 2022
Luxoft,Automative Software Engineer,23 May 2022
Al-Ahly Momkn For E-payment,Data Analyst,23 May 2022
,,23 May 2022
Banque Misr,Data Scientist specialist,23 May 2022
Si-Vision,Embedded Machine Learning Engineer,23 May 2022
PwC,Data & Analytics Associate ,23 May 2022
Upwork,Data Scientist,22 May 2022
Advanced Computer Technology (ACT),AI & SW Engineer,22 May 2022
,,22 May 2022
GDG Minia,PR at GDG,22 May 2022
Technocolabs Softwares,Data Science Mentor,22 May 2022
Upwork,Data Analyst,22 May 2022
Diving attitude,Accountant,22 May 2022
,Data Analyst,21 May 2022
National Development Corporation (شرکت انکشاف ملی),Senior Full Stack Software Engineer,21 May 2022
Fiverr,Computer Engineer,21 May 2022
Digital HUB (D-HUB),AI Instructor ,21 May 2022
Freelancer.com,Data Analyst,21 May 2022
Rashid Al Jabri Group of Companies,Digital Marketing Specialist,21 May 2022
Alkan CIT,Artificial Intelligence Engineer | Data Scientist,21 May 2022
shmff,Business Intelligence Developer,21 May 2022
Intern'spedia,Machine Learning Intern,20 May 2022
Glenmark Pharmaceuticals,Data Analyst,20 May 2022
Vodafone,Senior Transmission Engineer,20 May 2022
excel cart ,Course Instructor,20 May 2022
,,20 May 2022
,,20 May 2022
,Translator,20 May 2022
Shaheen Public School and college,IT Support Technician,20 May 2022
EMEX ADV,Chief Executive Officer,20 May 2022
Kazyon,Data Entry Coordinatior,20 May 2022
Clarusway,Technical Assistant,20 May 2022
Transformation Experts Technology,Business Intelligence Developer,19 May 2022
Freelance,Data Scientist,19 May 2022
Ebeshara company,Technical Support Analyst,19 May 2022
Upwork,Machine Learning Engineer ,19 May 2022
iSchool,Computer Science Instructor,19 May 2022
DataGear,Data Scientist,19 May 2022
Ivy,Machine Learning Intern,18 May 2022
,,18 May 2022
,,18 May 2022
Flyin.com,Web Sales Support ,18 May 2022
egypt FWD initiative,Data Analyst,18 May 2022
SiliconExpert,Data Engineer,18 May 2022
MARS- Global,Regulatory and Scientific Medical Writer ,18 May 2022
Synapse Analytics,Machine Learning Team Lead,18 May 2022
Freelance,Software Engineer,18 May 2022
Mgroup jewelry,Data Analyst,18 May 2022
alx_africa ,Intern,18 May 2022
,,18 May 2022
Technocolabs Softwares,Machine Learning Developer Team Leader,18 May 2022
Upwork,Data Analyst,18 May 2022
Omdena,Computer Vision Engineer,18 May 2022
"Abdullah Al-Othaim Markets, Egypt",Data Analyst,18 May 2022
,,18 May 2022
Emaar,Data Analyst,17 May 2022
,,17 May 2022
Information Technology Institute (ITI),Instructor,17 May 2022
Information Technology Institute (ITI),DevOps Intern,17 May 2022
Freelance,Freelance Data Scientist,17 May 2022
Premium Card,Business System Analyst,17 May 2022
The Sparks Foundation,Data Science Intern,17 May 2022
عمل خاص,Site Civil Engineer,17 May 2022
WorldQuant University,Data Science Intern,17 May 2022
Tahaluf Al Emarat Technical Solutions تحالف الإمارات للحلول التقنية,Junior Data Scientist,17 May 2022
Freelancer.com,Data Analyst,17 May 2022
,,17 May 2022
Khamsat.com | خمسات,Marketing Specialist,17 May 2022
Allianz,Insurance Specialist,17 May 2022
,,17 May 2022
,,17 May 2022
BuyWithClever,Data Scientist,17 May 2022
Etisalat Egypt,Senior System Specialist,17 May 2022
Technocolabs Softwares,Data Scientist,17 May 2022
Al-Tiqnea,Feasibility study Specialist,17 May 2022
Vodafone,Data Scientist,17 May 2022
International Group For Modern Coatings - MIDO,Marketing Coordinator,17 May 2022
,,17 May 2022
mindvalley center,Operations Manager,17 May 2022
Andalusia Group for Medical Services,Senior Strategy For RCM (Revenue Cycle Management),16 May 2022
,,16 May 2022
Nawy,Data Analyst,16 May 2022
The Sparks Foundation,Data Science & Business Analytics ,16 May 2022
Mediconsult,Data Analyst,16 May 2022
Upwork,Machine Learning Engineer,16 May 2022
Information Technology Institute (ITI),Data Analysis & Visualization,16 May 2022
,,16 May 2022
Elomara company,Technical Accountant,16 May 2022
Egyptian National Food Safety Authority ,Data Analyst,16 May 2022
Freelancer.com,Data Analyst,16 May 2022
ALX Arabia,Data Science student,16 May 2022
Information Technology Institute (ITI),Artificial Intelligence Intern,16 May 2022
GDSC - King Salman International University,Head of DevOps department,16 May 2022
,,16 May 2022
CAT Reloaded,Data Science supervisor,16 May 2022
Energya ElSewedy Helal,Information Technology Specialist,16 May 2022
Orange Egypt,Data Analyst,16 May 2022
ITWorx,Intern,16 May 2022
Freelancer.com,Data Scientist,16 May 2022
Global Brands Group (GBG),Software Quality Control Engineer,16 May 2022
IBM,Artificial intelligence analyst,16 May 2022
Ibm Skills Academy,Intern,16 May 2022
Upwork,Freelance Data Scientist,16 May 2022
ZKTeco North Africa,Software testing engineer,16 May 2022
e-finance,Technical Support Specialist,16 May 2022
EET GLOBAL,Data Analyst,16 May 2022
Information Technology Institute (ITI),Teaching Assistant,16 May 2022
Dstny Engage,Data Scientist,16 May 2022
Freelance,Data Analyst,16 May 2022
GDG Minia,Vice PR&FR Head,16 May 2022
Giza Power Industry,Software Engineer,16 May 2022
Fixed Solutions,Data Engineer,16 May 2022
Tamweely Microfinance,Data Scientist and Automation Enginner,16 May 2022
CIC - Canadian International College,Teacher assistant at CIC Canadian international college ,16 May 2022
Information Technology Institute (ITI),Artificial Intelligence Intern,16 May 2022
Khazna,CRM Executive,16 May 2022
Information Technology Institute (ITI),.NET Web Development Trainee,16 May 2022
,,16 May 2022
FlairsTech,Software & Machine Learning Engineer,16 May 2022
DeepLearning.AI,Advanced TensorFlow Specialization.,16 May 2022
Egyptian Banks Company,Intern - Sprint Program,16 May 2022
Velents,Data Scientist,16 May 2022
AI MasterMind ,Machine Learning Engineer,16 May 2022
Tahaluf Al Emarat Technical Solutions تحالف الإمارات للحلول التقنية,Machine Learning Engineer,16 May 2022
Developer Student Club - DSC Kafr El Sheikh University,Core team member,16 May 2022
Freelancer.com,Data Analysis Freelancer,16 May 2022
_VOIS,AI & Automation Engineer ,16 May 2022
Synapse Analytics,Machine Learning Lead,16 May 2022
PlusOne Health,Software Developer,16 May 2022
,,16 May 2022
Faculty of computer and data science  Alexandria University,Data Scientist,16 May 2022
,,16 May 2022
Upwork,Machine Learning Engineer,16 May 2022
Fractal Systems,Software Developer,16 May 2022
El-Nour Optics Co.,Management Information Systems Specialist,16 May 2022
Freelancer.com,Data Analyst,16 May 2022
SAS.,Software Engineer,16 May 2022
Telecom Egypt,Machine Learning Engineer,16 May 2022
CodeClause,Artificial Intelligence Intern,16 May 2022
AI Eagles,Artificial Intelligence Engineer,16 May 2022
The Sparks Foundation,Intern,16 May 2022
Plastic Bank,Global Business Data Intelligence Specialist,16 May 2022
Information Technology Institute (ITI),Business Intelligence Developer,16 May 2022
Huawei,Database Developer,16 May 2022
Freelance,Oracle Analyst,16 May 2022
Information Technology Institute (ITI),AI track Supervisor,16 May 2022
Caustaza Group LTD,Data Analyst,16 May 2022
Etisalat UAE,Customer Service Agent,16 May 2022
First Abu Dhabi Bank Misr (FABMISR),Data Analyst,16 May 2022
Kaggle,Kaggle Contributor ,16 May 2022
Babo community,Chief Executive Officer,16 May 2022
Upwork,Machine Learning Engineer,16 May 2022
Telecom Egypt,Customer service,16 May 2022
GlobalShala,Data Analyst,16 May 2022
Freelancer.com,Data Science Specialist,16 May 2022
PwC Middle East,Deals - Advanced Analytics Consultant,16 May 2022
_VOIS,Data Scientist II,16 May 2022
Nawy,Data Analyst,16 May 2022
Organic Growth Marketing,Analytics Engineer,16 May 2022
Upwork,Freelancer,16 May 2022
Andalusia Group for Medical Services,Data Analyst,16 May 2022
"ACE Consulting Engineers ""Moharram-Bakhoum""",Data Analyst | Quality Engineer,16 May 2022
Analytic Company GmbH,Data Analyst & Data entry clerk,16 May 2022
Tahaluf Al Emarat Technical Solutions تحالف الإمارات للحلول التقنية,Data scientist ,16 May 2022
,,16 May 2022
egFWD,Analyze A/B Test Results,16 May 2022
"Freelance, self-employed",Freelance,16 May 2022
Innuva IT Solutions ,Software Engineer,16 May 2022
Teleperformance,Back Office Executive,16 May 2022
AlRawaf Co. For Trading and Contracting,Full-stack web Developer,16 May 2022
Freelancer.com,Data Analyst,16 May 2022
Suez Shipyard Co.,Head of HR,16 May 2022
Digital Egypt For Investment Co.,Machine Learning Engineer,16 May 2022
No Kase,Researcher and Data Analyst,16 May 2022
The Sparks Foundation,Data Scientist,16 May 2022
PDC CRO,Data Science Manager,16 May 2022
Freelance,Data Analyst,16 May 2022
عمل مستقل,Freelance at Fiver,16 May 2022
Fawry Banking and Payment Technology Services,Data Analyst || Tableau Software Engineer,16 May 2022
Rameda Pharmaceuticals,Product Manager,16 May 2022
Breadway,Treasury Accountant,16 May 2022
4explain Company,Data Engineer,16 May 2022
El-Araby Group,Data Analyst,16 May 2022
4explain Company,Data Engineer,16 May 2022
.,Data Analyst | BI,16 May 2022
Advanced Computer Technology (ACT),Hardware Pre-sales Engineer,16 May 2022
Information Technology Institute (ITI),(AI & Machine Learning) Trainee,16 May 2022
Hyperone,Business Intelligence Developer,16 May 2022
Freelancer.com,Data Analysis,15 May 2022
AiToGo,Machine Learning Engineer,15 May 2022
,,15 May 2022
Orange Egypt,Data Engineer,15 May 2022
Upwork,Python Tutor | Junior Data Specialist,15 May 2022
,,15 May 2022
Thirdwayv Inc.,Machine Learning Engineer,15 May 2022
,,15 May 2022
Information Technology Institute (ITI),Trainee,15 May 2022
EET GLOBAL,Data Analyst,15 May 2022
Udacity,Data Analyst,15 May 2022
The Sparks Foundation,Junior Business Intelligence ,15 May 2022
Integrated Solutions For Ports (ISFP),Software Integration Developer,15 May 2022
Ahram Security Group,IT Specialist,15 May 2022
AI in Arabic, Researcher and Content Writer,15 May 2022
The Sparks Foundation,Data Science Intern,15 May 2022
Magdi Yacoub Foundation,Data Analyst,13 Apr 2022
Machinfy,Data science instructor,12 Apr 2022
Telecom Egypt,Business Intelligence and Data Warehouse Specialist,03 Apr 2022
Freelancer.com,Data Scientist,15 Feb 2022
,,28 Jan 2022
Alexapedia,Junior Software Engineer,25 Jan 2022
Afdal Analytics - أفضل التحليلات,Data Scientist,17 Jan 2022
Shebak,Software Engineer,09 Jan 2022
,,06 Jan 2022
Alexapedia,Lead Software Engineer,09 Dec 2021
Al-Azhar University,English Language Teacher,08 Dec 2021
Advanced Computer Technology (ACT),AI Engineer & Data Scientist,28 Nov 2021
Egypt University of Informatics,Teacher Assistant,22 Nov 2021
Telecom Egypt,Data Analyst,22 Nov 2021
Freelance,Data Science Specialist,21 Nov 2021
Genify,Data Analyst Internship,19 Nov 2021
تام | TAM,Software Engineer,18 Nov 2021
Orange Digital Center Egypt,Data Science diploma,17 Nov 2021
Upwork,Data Scientist,17 Nov 2021
Huawei,Wireless Network Engineer,17 Nov 2021
,,17 Nov 2021
4explain Company,Data Engineer,17 Nov 2021
,,16 Nov 2021
Alexapedia EG ,Co-Founder,16 Nov 2021
